accession,type,label,start,end,notes
PRO_0000449626,PDB Structures (37),6yhu,76,192,Type: PDB mapped to UniProt UniProt range: SER4018-ASN4134 PDB entry: 6yhu Best Chain B;
PRO_0000449626,PDB Structures (37),6xip,77,77,Type: PDB mapped to UniProt UniProt range: GLU4019-GLU4019 PDB entry: 6xip Best Chain D;
PRO_0000449626,PDB Structures (37),6xip,78,194,Type: PDB mapped to UniProt UniProt range: ASP4020-ALA4136 PDB entry: 6xip Best Chain D;
PRO_0000449626,PDB Structures (37),6xip,195,198,Type: PDB mapped to UniProt UniProt range: VAL4137-GLN4140 PDB entry: 6xip Best Chain D;
PRO_0000449626,PDB Structures (37),6wtc,77,78,Type: PDB mapped to UniProt UniProt range: GLU4019-ASP4020 PDB entry: 6wtc Best Chain B;
PRO_0000449626,PDB Structures (37),6wtc,79,194,Type: PDB mapped to UniProt UniProt range: LYS4021-ALA4136 PDB entry: 6wtc Best Chain B;
PRO_0000449626,PDB Structures (37),6wtc,195,198,Type: PDB mapped to UniProt UniProt range: VAL4137-GLN4140 PDB entry: 6wtc Best Chain B;
PRO_0000449626,PDB Structures (37),7aap,1,77,Type: PDB mapped to UniProt UniProt range: ALA3943-GLU4019 PDB entry: 7aap Best Chain B;
PRO_0000449626,PDB Structures (37),7aap,78,191,Type: PDB mapped to UniProt UniProt range: ASP4020-ALA4133 PDB entry: 7aap Best Chain B;
PRO_0000449626,PDB Structures (37),7aap,192,198,Type: PDB mapped to UniProt UniProt range: ASN4134-GLN4140 PDB entry: 7aap Best Chain B;
PRO_0000449626,PDB Structures (37),6wqd,77,77,Type: PDB mapped to UniProt UniProt range: GLU4019-GLU4019 PDB entry: 6wqd Best Chain B;
PRO_0000449626,PDB Structures (37),6wqd,78,198,Type: PDB mapped to UniProt UniProt range: ASP4020-GLN4140 PDB entry: 6wqd Best Chain B;
PRO_0000449626,PDB Structures (37),7bv2,78,191,Type: PDB mapped to UniProt UniProt range: ASP4020-ALA4133 PDB entry: 7bv2 Best Chain B;
PRO_0000449626,PDB Structures (37),7bv2,192,198,Type: PDB mapped to UniProt UniProt range: ASN4134-GLN4140 PDB entry: 7bv2 Best Chain B;
PRO_0000449626,PDB Structures (37),6yyt,1,5,Type: PDB mapped to UniProt UniProt range: ALA3943-GLU3947 PDB entry: 6yyt Best Chain B;
PRO_0000449626,PDB Structures (37),6yyt,6,191,Type: PDB mapped to UniProt UniProt range: PHE3948-ALA4133 PDB entry: 6yyt Best Chain B;
PRO_0000449626,PDB Structures (37),6yyt,192,198,Type: PDB mapped to UniProt UniProt range: ASN4134-GLN4140 PDB entry: 6yyt Best Chain B;
PRO_0000449626,PDB Structures (37),6wiq,77,191,Type: PDB mapped to UniProt UniProt range: GLU4019-ALA4133 PDB entry: 6wiq Best Chain B;
PRO_0000449626,PDB Structures (37),6wiq,192,198,Type: PDB mapped to UniProt UniProt range: ASN4134-GLN4140 PDB entry: 6wiq Best Chain B;
PRO_0000449626,PDB Structures (37),7lg2,152,160,Type: PDB mapped to UniProt UniProt range: ALA4094-VAL4102 PDB entry: 7lg2 Best Chain C;
PRO_0000449626,PDB Structures (37),7d4f,78,191,Type: PDB mapped to UniProt UniProt range: ASP4020-ALA4133 PDB entry: 7d4f Best Chain A;
PRO_0000449626,PDB Structures (37),7d4f,192,198,Type: PDB mapped to UniProt UniProt range: ASN4134-GLN4140 PDB entry: 7d4f Best Chain A;
PRO_0000449626,PDB Structures (37),7b3d,1,76,Type: PDB mapped to UniProt UniProt range: ALA3943-SER4018 PDB entry: 7b3d Best Chain B;
PRO_0000449626,PDB Structures (37),7b3d,77,191,Type: PDB mapped to UniProt UniProt range: GLU4019-ALA4133 PDB entry: 7b3d Best Chain B;
PRO_0000449626,PDB Structures (37),7b3d,192,198,Type: PDB mapped to UniProt UniProt range: ASN4134-GLN4140 PDB entry: 7b3d Best Chain B;
PRO_0000449626,PDB Structures (37),7b3b,1,76,Type: PDB mapped to UniProt UniProt range: ALA3943-SER4018 PDB entry: 7b3b Best Chain B;
PRO_0000449626,PDB Structures (37),7b3b,77,191,Type: PDB mapped to UniProt UniProt range: GLU4019-ALA4133 PDB entry: 7b3b Best Chain B;
PRO_0000449626,PDB Structures (37),7b3b,192,198,Type: PDB mapped to UniProt UniProt range: ASN4134-GLN4140 PDB entry: 7b3b Best Chain B;
PRO_0000449626,PDB Structures (37),7bv1,78,191,Type: PDB mapped to UniProt UniProt range: ASP4020-ALA4133 PDB entry: 7bv1 Best Chain B;
PRO_0000449626,PDB Structures (37),7bv1,192,198,Type: PDB mapped to UniProt UniProt range: ASN4134-GLN4140 PDB entry: 7bv1 Best Chain B;
PRO_0000449626,PDB Structures (37),7btf,1,66,Type: PDB mapped to UniProt UniProt range: ALA3943-ALA4008 PDB entry: 7btf Best Chain C;
PRO_0000449626,PDB Structures (37),7btf,67,192,Type: PDB mapped to UniProt UniProt range: MET4009-ASN4134 PDB entry: 7btf Best Chain C;
PRO_0000449626,PDB Structures (37),7btf,193,198,Type: PDB mapped to UniProt UniProt range: SER4135-GLN4140 PDB entry: 7btf Best Chain C;
PRO_0000449626,PDB Structures (37),7ozu,1,76,Type: PDB mapped to UniProt UniProt range: ALA3943-SER4018 PDB entry: 7ozu Best Chain B;
PRO_0000449626,PDB Structures (37),7ozu,77,191,Type: PDB mapped to UniProt UniProt range: GLU4019-ALA4133 PDB entry: 7ozu Best Chain B;
PRO_0000449626,PDB Structures (37),7ozu,192,198,Type: PDB mapped to UniProt UniProt range: ASN4134-GLN4140 PDB entry: 7ozu Best Chain B;
PRO_0000449626,PDB Structures (37),7b3c,1,76,Type: PDB mapped to UniProt UniProt range: ALA3943-SER4018 PDB entry: 7b3c Best Chain B;
PRO_0000449626,PDB Structures (37),7b3c,77,191,Type: PDB mapped to UniProt UniProt range: GLU4019-ALA4133 PDB entry: 7b3c Best Chain B;
PRO_0000449626,PDB Structures (37),7b3c,192,198,Type: PDB mapped to UniProt UniProt range: ASN4134-GLN4140 PDB entry: 7b3c Best Chain B;
PRO_0000449626,PDB Structures (37),6m71,1,77,Type: PDB mapped to UniProt UniProt range: ALA3943-GLU4019 PDB entry: 6m71 Best Chain D;
PRO_0000449626,PDB Structures (37),6m71,78,144,Type: PDB mapped to UniProt UniProt range: ASP4020-GLY4086 PDB entry: 6m71 Best Chain D;
PRO_0000449626,PDB Structures (37),6m71,145,145,Type: PDB mapped to UniProt UniProt range: THR4087-THR4087 PDB entry: 6m71 Best Chain D;
PRO_0000449626,PDB Structures (37),6m71,146,191,Type: PDB mapped to UniProt UniProt range: THR4088-ALA4133 PDB entry: 6m71 Best Chain D;
PRO_0000449626,PDB Structures (37),6m71,192,198,Type: PDB mapped to UniProt UniProt range: ASN4134-GLN4140 PDB entry: 6m71 Best Chain D;
PRO_0000449626,PDB Structures (37),7l1f,78,191,Type: PDB mapped to UniProt UniProt range: ASP4020-ALA4133 PDB entry: 7l1f Best Chain B;
PRO_0000449626,PDB Structures (37),7c2k,1,52,Type: PDB mapped to UniProt UniProt range: ALA3943-ASP3994 PDB entry: 7c2k Best Chain D;
PRO_0000449626,PDB Structures (37),7c2k,53,191,Type: PDB mapped to UniProt UniProt range: ALA3995-ALA4133 PDB entry: 7c2k Best Chain D;
PRO_0000449626,PDB Structures (37),7c2k,192,198,Type: PDB mapped to UniProt UniProt range: ASN4134-GLN4140 PDB entry: 7c2k Best Chain D;
PRO_0000449626,PDB Structures (37),7ozv,1,76,Type: PDB mapped to UniProt UniProt range: ALA3943-SER4018 PDB entry: 7ozv Best Chain B;
PRO_0000449626,PDB Structures (37),7ozv,77,191,Type: PDB mapped to UniProt UniProt range: GLU4019-ALA4133 PDB entry: 7ozv Best Chain B;
PRO_0000449626,PDB Structures (37),7ozv,192,198,Type: PDB mapped to UniProt UniProt range: ASN4134-GLN4140 PDB entry: 7ozv Best Chain B;
PRO_0000449626,PDB Structures (37),7ctt,1,77,Type: PDB mapped to UniProt UniProt range: ALA3943-GLU4019 PDB entry: 7ctt Best Chain B;
PRO_0000449626,PDB Structures (37),7ctt,78,191,Type: PDB mapped to UniProt UniProt range: ASP4020-ALA4133 PDB entry: 7ctt Best Chain B;
PRO_0000449626,PDB Structures (37),7ctt,192,198,Type: PDB mapped to UniProt UniProt range: ASN4134-GLN4140 PDB entry: 7ctt Best Chain B;
PRO_0000449626,PDB Structures (37),7jlt,1,76,Type: PDB mapped to UniProt UniProt range: ALA3943-SER4018 PDB entry: 7jlt Best Chain D;
PRO_0000449626,PDB Structures (37),7jlt,77,193,Type: PDB mapped to UniProt UniProt range: GLU4019-SER4135 PDB entry: 7jlt Best Chain D;
PRO_0000449626,PDB Structures (37),7jlt,194,198,Type: PDB mapped to UniProt UniProt range: ALA4136-GLN4140 PDB entry: 7jlt Best Chain D;
PRO_0000449626,PDB Structures (37),7bzf,1,78,Type: PDB mapped to UniProt UniProt range: ALA3943-ASP4020 PDB entry: 7bzf Best Chain B;
PRO_0000449626,PDB Structures (37),7bzf,79,192,Type: PDB mapped to UniProt UniProt range: LYS4021-ASN4134 PDB entry: 7bzf Best Chain B;
PRO_0000449626,PDB Structures (37),7bzf,193,198,Type: PDB mapped to UniProt UniProt range: SER4135-GLN4140 PDB entry: 7bzf Best Chain B;
PRO_0000449626,PDB Structures (37),6xqb,78,191,Type: PDB mapped to UniProt UniProt range: ASP4020-ALA4133 PDB entry: 6xqb Best Chain B;
PRO_0000449626,PDB Structures (37),6xqb,192,198,Type: PDB mapped to UniProt UniProt range: ASN4134-GLN4140 PDB entry: 6xqb Best Chain B;
PRO_0000449626,PDB Structures (37),7krp,6,191,Type: PDB mapped to UniProt UniProt range: PHE3948-ALA4133 PDB entry: 7krp Best Chain B;
PRO_0000449626,PDB Structures (37),7krp,192,198,Type: PDB mapped to UniProt UniProt range: ASN4134-GLN4140 PDB entry: 7krp Best Chain B;
PRO_0000449626,PDB Structures (37),7oyg,1,110,Type: PDB mapped to UniProt UniProt range: ALA3943-ALA4052 PDB entry: 7oyg Best Chain B;
PRO_0000449626,PDB Structures (37),7oyg,111,191,Type: PDB mapped to UniProt UniProt range: ARG4053-ALA4133 PDB entry: 7oyg Best Chain B;
PRO_0000449626,PDB Structures (37),7oyg,192,198,Type: PDB mapped to UniProt UniProt range: ASN4134-GLN4140 PDB entry: 7oyg Best Chain B;
PRO_0000449626,PDB Structures (37),6m5i,1,76,Type: PDB mapped to UniProt UniProt range: ALA3943-SER4018 PDB entry: 6m5i Best Chain A;
PRO_0000449626,PDB Structures (37),6m5i,77,191,Type: PDB mapped to UniProt UniProt range: GLU4019-ALA4133 PDB entry: 6m5i Best Chain A;
PRO_0000449626,PDB Structures (37),6m5i,192,198,Type: PDB mapped to UniProt UniProt range: ASN4134-GLN4140 PDB entry: 6m5i Best Chain A;
PRO_0000449626,PDB Structures (37),7dcd,77,192,Type: PDB mapped to UniProt UniProt range: GLU4019-ASN4134 PDB entry: 7dcd Best Chain B;
PRO_0000449626,PDB Structures (37),7dcd,193,198,Type: PDB mapped to UniProt UniProt range: SER4135-GLN4140 PDB entry: 7dcd Best Chain B;
PRO_0000449626,PDB Structures (37),7bw4,1,77,Type: PDB mapped to UniProt UniProt range: ALA3943-GLU4019 PDB entry: 7bw4 Best Chain B;
PRO_0000449626,PDB Structures (37),7bw4,78,192,Type: PDB mapped to UniProt UniProt range: ASP4020-ASN4134 PDB entry: 7bw4 Best Chain B;
PRO_0000449626,PDB Structures (37),7bw4,193,198,Type: PDB mapped to UniProt UniProt range: SER4135-GLN4140 PDB entry: 7bw4 Best Chain B;
PRO_0000449626,PDB Structures (37),7krn,6,191,Type: PDB mapped to UniProt UniProt range: PHE3948-ALA4133 PDB entry: 7krn Best Chain B;
PRO_0000449626,PDB Structures (37),7krn,192,198,Type: PDB mapped to UniProt UniProt range: ASN4134-GLN4140 PDB entry: 7krn Best Chain B;
PRO_0000449626,PDB Structures (37),7cxm,1,5,Type: PDB mapped to UniProt UniProt range: ALA3943-GLU3947 PDB entry: 7cxm Best Chain B;
PRO_0000449626,PDB Structures (37),7cxm,6,192,Type: PDB mapped to UniProt UniProt range: PHE3948-ASN4134 PDB entry: 7cxm Best Chain B;
PRO_0000449626,PDB Structures (37),7cxm,193,198,Type: PDB mapped to UniProt UniProt range: SER4135-GLN4140 PDB entry: 7cxm Best Chain B;
PRO_0000449626,PDB Structures (37),7kro,6,191,Type: PDB mapped to UniProt UniProt range: PHE3948-ALA4133 PDB entry: 7kro Best Chain B;
PRO_0000449626,PDB Structures (37),7kro,192,198,Type: PDB mapped to UniProt UniProt range: ASN4134-GLN4140 PDB entry: 7kro Best Chain B;
PRO_0000449626,PDB Structures (37),7cyq,1,5,Type: PDB mapped to UniProt UniProt range: ALA3943-GLU3947 PDB entry: 7cyq Best Chain B;
PRO_0000449626,PDB Structures (37),7cyq,6,192,Type: PDB mapped to UniProt UniProt range: PHE3948-ASN4134 PDB entry: 7cyq Best Chain B;
PRO_0000449626,PDB Structures (37),7cyq,193,198,Type: PDB mapped to UniProt UniProt range: SER4135-GLN4140 PDB entry: 7cyq Best Chain B;
PRO_0000449626,PDB Structures (37),7egq,1,5,Type: PDB mapped to UniProt UniProt range: ALA3943-GLU3947 PDB entry: 7egq Best Chain B;
PRO_0000449626,PDB Structures (37),7egq,6,192,Type: PDB mapped to UniProt UniProt range: PHE3948-ASN4134 PDB entry: 7egq Best Chain B;
PRO_0000449626,PDB Structures (37),7egq,193,198,Type: PDB mapped to UniProt UniProt range: SER4135-GLN4140 PDB entry: 7egq Best Chain B;
PRO_0000449626,PDB Structures (37),6xez,6,191,Type: PDB mapped to UniProt UniProt range: PHE3948-ALA4133 PDB entry: 6xez Best Chain B;
PRO_0000449626,PDB Structures (37),6xez,192,198,Type: PDB mapped to UniProt UniProt range: ASN4134-GLN4140 PDB entry: 6xez Best Chain B;
PRO_0000449626,PDB Structures (37),7cxn,1,5,Type: PDB mapped to UniProt UniProt range: ALA3943-GLU3947 PDB entry: 7cxn Best Chain B;
PRO_0000449626,PDB Structures (37),7cxn,6,192,Type: PDB mapped to UniProt UniProt range: PHE3948-ASN4134 PDB entry: 7cxn Best Chain B;
PRO_0000449626,PDB Structures (37),7cxn,193,198,Type: PDB mapped to UniProt UniProt range: SER4135-GLN4140 PDB entry: 7cxn Best Chain B;
PRO_0000449626,PDB Structures (37),7eiz,1,5,Type: PDB mapped to UniProt UniProt range: ALA3943-GLU3947 PDB entry: 7eiz Best Chain B;
PRO_0000449626,PDB Structures (37),7eiz,6,192,Type: PDB mapped to UniProt UniProt range: PHE3948-ASN4134 PDB entry: 7eiz Best Chain B;
PRO_0000449626,PDB Structures (37),7eiz,193,198,Type: PDB mapped to UniProt UniProt range: SER4135-GLN4140 PDB entry: 7eiz Best Chain B;
PRO_0000449626,Domains,Pfam domains,1,197,Type: Pfam domain UniProt range: ALA3943 - LEU4138 Source: CoV_NSP8 (PF08717);
PRO_0000449626,Secondary structure,Helix,76,99,Type: Helix UniProt range: SER4018 - ASP4041 Source PDB: 6yhu;
PRO_0000449626,Secondary structure,Helix,100,112,Type: Helix UniProt range: ASN4042 - ASP4054 Source PDB: 6yhu;
PRO_0000449626,Secondary structure,Helix,134,141,Type: Helix UniProt range: ASP4076 - THR4083 Source PDB: 6yhu;
PRO_0000449626,Secondary structure,Helix,168,172,Type: Helix UniProt range: GLN4110 - ILE4114 Source PDB: 6yhu;
PRO_0000449626,Secondary structure,Helix,176,180,Type: Helix UniProt range: ASN4118 - LEU4122 Source PDB: 6yhu;
PRO_0000449626,Secondary structure,Strand,115,116,Type: Strand UniProt range: VAL4057 - PRO4058 Source PDB: 6yhu;
PRO_0000449626,Secondary structure,Strand,128,132,Type: Strand UniProt range: LEU4070 - ILE4074 Source PDB: 6yhu;
PRO_0000449626,Secondary structure,Strand,142,143,Type: Strand UniProt range: CYS4084 - ASP4085 Source PDB: 6yhu;
PRO_0000449626,Secondary structure,Strand,146,149,Type: Strand UniProt range: THR4088 - TYR4091 Source PDB: 6yhu;
PRO_0000449626,Secondary structure,Strand,152,160,Type: Strand UniProt range: ALA4094 - VAL4102 Source PDB: 6yhu;
PRO_0000449626,Secondary structure,Strand,184,190,Type: Strand UniProt range: LEU4126 - ARG4132 Source PDB: 6yhu;
